{"cameraMode":{"drawMode":0,"name":"Shaded","section":"Shading Mode"},"sceneLighting":true,"audioPlay":false,"sceneViewState":{"showFog":true,"showMaterialUpdate":false,"showSkybox":true,"showFlares":true,"showImageEffects":true,"showParticleSystems":true},"in2DMode":false,"pivot":{"x":247.5218048095703,"y":159.14874267578126,"z":62.63580322265625},"rotation":{"x":-0.04723936691880226,"y":0.07817786931991577,"z":0.0037514285650104286,"w":0.9958919286727905},"size":204.7523956298828,"orthographic":false}